cleaned_tweet,product,reply,Polarity,Sentiment
create mapped drive via gpo preference via createamappeddrive grouppolicyobject mapnetworkdrives mappeddrive mappeddriveviagpo window windowsserver,WindowsServer,,0.0,Neutral
kali linux defense kali purple review amp install watch hacking cybersecurity windowsserver networking ccna ccnp linuxaws informationtechnology itcertifications nmap mimikatz,WindowsServer,,0.0,Neutral
use install tor browser kali watch hacking cybersecurity windowsserver networking ccna ccnp linuxaws informationtechnology itcertifications nmap mimikatz,WindowsServer,,0.0,Neutral
hack password brute forcing hydra hashcat cybersecurity watch hacking cybersecurity windowsserver networking ccna ccnp linuxaws informationtechnology itcertifications nmap mimikatz,WindowsServer,,0.0,Neutral
ultimate linux home server course homeserver windowsserver ubuntuserver server router linuxserver systemsadmin sysadmin systemadministrator,WindowsServer,,0.0,Neutral
ultimate linux home server course homeserver windowsserver ubuntuserver server router linuxserver systemsadmin sysadmin systemadministrator,WindowsServer,,0.0,Neutral
homelab preparation getting ipmi ready window server updated ahead configuration ipmi supermicro homelab network networking window server windowsserver bios thegrind fyp techvlog technology system engineer systemsengineer abetechtips blog,WindowsServer,,0.2,Positive
homelab preparation getting ipmi ready window server updated ahead configuration ipmi supermicro homelab network networking window server windowsserver bios thegrind fyp techvlog technology system engineer systemsengineer abetechtips blog,WindowsServer,,0.2,Positive
tell culmination pulling hair complex customer issue opened november maybe wont even position much rdp loadbalanceinfo hackish code wont work odd string length,WindowsServer,,-0.08888888888888886,Negative
rdp loadbalanceinfo exposed bstr managed code wire sent string turn old hackish code wont work odd byte length trying rewrite,WindowsServer,,-0.033333333333333326,Negative
cool something team look quic ssh rdp,WindowsServer,,0.35,Positive
hack password brute forcing hydra hashcat cybersecurity watch hacking cybersecurity windowsserver networking ccna ccnp linuxaws informationtechnology itcertifications nmap mimikatz,WindowsServer,,0.0,Neutral
hack password brute forcing hydra hashcat cybersecurity watch hacking cybersecurity windowsserver networking ccna ccnp linuxaws informationtechnology itcertifications nmap mimikatz,WindowsServer,,0.0,Neutral
microsoft change window server licensing policy microsoft window windowsserver,WindowsServer,,0.0,Neutral
watch securely migrate optimize azure digital event find get value window server sql server investment migration azure register azuremigration windowsserver microsoft azure,WindowsServer,,0.2,Positive
futureproofing business take knowhow expertise sign mailing list receive helpful resource guide migration modernization journey azure cloud windowsserver sqlserver,WindowsServer,,0.0,Neutral
well help learn migrating microsoft window server amp sql server azure much sign stay connected azure cloud windowsserver sqlservers,WindowsServer,,0.2,Positive
joe morris david morris may joe morris david morris april see see see see book,WindowsServer,,0.0,Neutral
enable window server windowsserver,WindowsServer,,0.0,Neutral
well help learn migrating microsoft window server amp sql server azure much sign stay connected azure cloud windowsserver sqlservers,WindowsServer,,0.2,Positive
kali linux defense kali purple review amp install watch hacking cybersecurity windowsserver networking ccna ccnp linuxaws informationtechnology itcertifications nmap mimikatz,WindowsServer,,0.0,Neutral
save money modernize scale flexibility ensuring data secure migrating window server sql server onprem azure windowsserver sqlserver azure,WindowsServer,,0.4,Positive
wsus reinstall problem troubleshooting microsoft windowsserver wsus,WindowsServer,,0.0,Neutral
remain date always cloudcomputing security webdesign wordpress cloudhosting serverproblems windowsserver tech cybersecurityexpert,WindowsServer,,0.0,Neutral
remain date always cloudcomputing security webdesign wordpress cloudhosting serverproblems windowsserver tech cybersecurityexpert,WindowsServer,,0.0,Neutral
last chance register find maximize value window server sql server investment azuremigration cloudmigration,WindowsServer,,0.0,Neutral
windowsserver summit window admin center azure arc,WindowsServer,,-0.1,Negative
find restarted window server via eventviewer eventlog themostfrequentstartupandshutdownevents whorestartedwindowsserver window windowsserver,WindowsServer,,0.0,Neutral
opportunity upgrade legacy windowsserver system main reason improved security improved performance include new function feature keep receiving support want know please complete form,WindowsServer,,0.13434343434343432,Positive
window server summit window admin center azure arc windowsserver azure azurearc,WindowsServer,,-0.1,Negative
window server summit window admin center azure arc windowsserver azure azurearc,WindowsServer,,-0.1,Negative
server operating system framework intended introduced run get detail analysis serveroperatingsystem osmarket enterpriseos datacenteros linuxserver windowsserver virtualization cloudcomputing,WindowsServer,,0.0,Neutral
ultimate linux home server course homeserver windowsserver ubuntuserver server router linuxserver systemsadmin sysadmin systemadministrator,WindowsServer,,0.0,Neutral
ultimate linux home server course homeserver windowsserver ubuntuserver server router linuxserver systemsadmin sysadmin systemadministrator,WindowsServer,,0.0,Neutral
joe morris david morris may joe morris david morris april see see see see book,WindowsServer,,0.0,Neutral
active directory bug ldap_matching_rule_in_chainabfrage activedirectory problem windowsserver born amp windowsblog,WindowsServer,,-0.13333333333333333,Negative
window hardening powershell dsc window windowsserver powershell cybersecurity infosec,WindowsServer,,0.0,Neutral
active directory bug ldap_matching_rule_in_chainabfrage issue windowsserver born tech window world,WindowsServer,,-0.13333333333333333,Negative
active directory bug ldap_matching_rule_in_chainabfrage activedirectory problem windowsserver born amp windowsblog,WindowsServer,,-0.13333333333333333,Negative
software key software software softwaredeveloper softwaredevelopment softwarekeys window window windowsserver msoffice msoffice,WindowsServer,,0.0,Neutral
today free active directory dns power shell activedirectory windowsserver powershell dns,WindowsServer,,0.13333333333333336,Positive
software key software software softwaredeveloper softwaredevelopment softwarekeys window window windowsserver msoffice msoffice,WindowsServer,,0.0,Neutral
manual emergency update window server fix december bug windowsserver,WindowsServer,,0.0,Neutral
ultimate linux home server course homeserver windowsserver ubuntuserver server router linuxserver systemsadmin sysadmin systemadministrator,WindowsServer,,0.0,Neutral
ultimate linux home server course homeserver windowsserver ubuntuserver server router linuxserver systemsadmin sysadmin systemadministrator,WindowsServer,,0.0,Neutral
mark auspicious occasion akshaya tritiya joy prosperity webhostignbingo wish happy akshaya tritya akshayatritiya ramadan webhosting vpsserver windowsserver,WindowsServer,,0.8,Positive
step step guide configure dfs replication window server click learn dfsreplication windowsserver,WindowsServer,,0.0,Neutral
software key software software softwaredeveloper softwaredevelopment softwarekeys window window windowsserver msoffice msoffice,WindowsServer,,0.0,Neutral
window server vnext preview build iso vhdx available language build continues development microsofts nextgen server edition windowsserver windowsinsider,WindowsServer,,0.4,Positive
announcing windowsserver ltsc vnext preview build windowsinsiders wimvp,WindowsServer,,0.0,Neutral
window server vnext preview build iso vhdx available language build continues development microsofts nextgen server edition windowsserver windowsinsider,WindowsServer,,0.4,Positive
announcing windowsserver ltsc vnext preview build windowsinsiders wimvp,WindowsServer,,0.0,Neutral
hotpatching preview window server datacenter azure edition desktop experience installation option security windowsserver modernworkplace,WindowsServer,,0.0,Neutral
ultimate linux home server course homeserver windowsserver ubuntuserver server router linuxserver systemsadmin sysadmin systemadministrator,WindowsServer,,0.0,Neutral
ultimate linux home server course homeserver windowsserver ubuntuserver server router linuxserver systemsadmin sysadmin systemadministrator,WindowsServer,,0.0,Neutral
discover internetfacing device mde deviceinfo isinternetfacing osplatform contains windowsserver,WindowsServer,,0.0,Neutral
match computer name gpo wmi filter wmi filter group policy manage windowsserver version,WindowsServer,,0.0,Neutral
nicely quantified earlier today infrastructure like air need every moment everyday dont pay attention going away itpro sysadmin windowsserver linux azops,WindowsServer,,0.13333333333333333,Positive
software key software software softwaredeveloper softwaredevelopment softwarekeys window window windowsserver msoffice msoffice,WindowsServer,,0.0,Neutral
discover internetfacing device mde deviceinfo isinternetfacing osplatform contains windowsserver,WindowsServer,,0.0,Neutral
discover internetfacing device mde deviceinfo isinternetfacing osplatform contains windowsserver,WindowsServer,,0.0,Neutral
nicely quantified earlier today infrastructure like air need every moment everyday dont pay attention going away itpro sysadmin windowsserver linux azops,WindowsServer,,0.13333333333333333,Positive
nicely quantified earlier today infrastructure like air need every moment everyday dont pay attention going away itpro sysadmin windowsserver linux azops,WindowsServer,,0.13333333333333333,Positive
discover internetfacing device mde deviceinfo isinternetfacing osplatform contains windowsserver,WindowsServer,,0.0,Neutral
discover internetfacing device mde deviceinfo isinternetfacing osplatform contains windowsserver,WindowsServer,,0.0,Neutral
man behind book literally exam guide administering window server hybrid core infrastructure hybridadministratorassociate windowsserver bemorehybrid gethybridcertified,WindowsServer,,-0.4,Negative
discover internetfacing device mde deviceinfo isinternetfacing osplatform contains windowsserver,WindowsServer,,0.0,Neutral
day left register well explore success story proof point demo discovering assessing migrating workload azure migrate azuremigration,WindowsServer,,0.15,Positive
discover internetfacing device mde deviceinfo isinternetfacing osplatform contains windowsserver,WindowsServer,,0.0,Neutral
discover internetfacing device mde deviceinfo isinternetfacing osplatform contains windowsserver,WindowsServer,,0.0,Neutral
rackspace hiring remote window support engineer rackspace remotework remotejob workfromhome windowsserver networking storage scalablesystems ii php,WindowsServer,,-0.1,Negative
great collection congratulation may many come,WindowsServer,,0.65,Positive
day starting microsoft global mvp summit le hour mvpbuzz wimvp azure azurehybrid cloud security winserv mvp enjoy nda session microsoft product group cheer,WindowsServer,,0.13333333333333333,Positive
day starting microsoft global mvp summit le hour mvpbuzz wimvp azure azurehybrid cloud security winserv mvp enjoy nda session microsoft product group cheer,WindowsServer,great collection congratulation may many come,0.13333333333333333,Positive
discover internetfacing device mde deviceinfo isinternetfacing osplatform contains windowsserver,WindowsServer,,0.0,Neutral
discover internetfacing device mde deviceinfo isinternetfacing osplatform contains windowsserver,WindowsServer,,0.0,Neutral
discover internetfacing device mde deviceinfo isinternetfacing osplatform contains windowsserver,WindowsServer,,0.0,Neutral
discover internetfacing device mde deviceinfo isinternetfacing osplatform contains windowsserver,WindowsServer,requires integrating thirdparty tool identify internet facing device,0.0,Neutral
discover internetfacing device mde deviceinfo isinternetfacing osplatform contains windowsserver,WindowsServer,tag internet facing set device also filtered,0.0,Neutral
super excited hotpatching available preview window server vms azure desktop experience windowsserver azure winserv,WindowsServer,,0.36944444444444446,Positive
lap integrated window server window server integrated azure doesnt need dont want information windowsserver,WindowsServer,,0.0,Neutral
super excited hotpatching available preview window server vms azure desktop experience windowsserver azure winserv,WindowsServer,,0.36944444444444446,Positive
software key software software softwaredeveloper softwaredevelopment softwarekeys window window windowsserver msoffice msoffice,WindowsServer,,0.0,Neutral
super excited hotpatching available preview window server vms azure desktop experience windowsserver azure winserv,WindowsServer,,0.36944444444444446,Positive
microsoft release hotpatching window server azure edition desktop experience microsoft azure windowsserver window,WindowsServer,,0.0,Neutral
microsoft release hotpatching window server azure edition desktop experience microsoft azure windowsserver window,WindowsServer,,0.0,Neutral
super excited hotpatching available preview window server vms azure desktop experience windowsserver azure winserv,WindowsServer,,0.36944444444444446,Positive
optimized performance amp expansion dataon azurestackhci provides validated onpremises hci solution builtin integration azure infrastructure management service windowsserver hybridcloud,WindowsServer,,0.0,Neutral
futureproofing business take knowhow expertise sign mailing list receive helpful resource guide migration modernization journey azure cloud windowsserver sqlserver,WindowsServer,,0.0,Neutral
give business leading edge modern infrastructure find lead pack attending window server evaluation workshop register interest,WindowsServer,,0.2,Positive
rackspace hiring remote microsoft infrastructure engineer rackspace remotework remotejob workfromhome windowsserver mssql activedirectory,WindowsServer,,-0.1,Negative
microsoft window server handson training part windowsserver udemy udemycoupon,WindowsServer,,0.0,Neutral
window server update active directory schema current window lap version tip windowsserver born tech window world,WindowsServer,,-0.06666666666666667,Negative
well help learn migrating microsoft window server amp sql server azure much sign stay connected azure cloud windowsserver sqlservers,WindowsServer,,0.2,Positive
ultimate linux home server course homeserver windowsserver ubuntuserver server router linuxserver systemsadmin sysadmin systemadministrator,WindowsServer,,0.0,Neutral
ultimate linux home server course homeserver windowsserver ubuntuserver server router linuxserver systemsadmin sysadmin systemadministrator,WindowsServer,,0.0,Neutral
futureproofing business take knowhow expertise sign mailing list receive helpful resource guide migration modernization journey azure cloud windowsserver sqlserver,WindowsServer,,0.0,Neutral
super excited hotpatching available preview window server vms azure desktop experience windowsserver azure winserv,WindowsServer,,0.36944444444444446,Positive
birthday first microsoft global mvp summit day awesome mvpbuzz microsoft friend great nda session mvpsummit azurehybrid,WindowsServer,,0.5125,Positive
one one top session window server summit brings agame table talk thing new window server mustwatch winsrv windowsserver azops,WindowsServer,,0.3181818181818182,Positive
job title window server engineersql location wayne duration month contract hire share resume resumecom job requirement click link click panzersolutions windowsserver engineer sql,WindowsServer,,0.0,Neutral
one one top session window server summit brings agame table talk thing new window server mustwatch winsrv windowsserver azops,WindowsServer,,0.3181818181818182,Positive
futureproofing business take knowhow expertise sign mailing list receive helpful resource guide migration modernization journey azure cloud windowsserver sqlserver,WindowsServer,,0.0,Neutral
super excited hotpatching available preview window server vms azure desktop experience windowsserver azure winserv,WindowsServer,,0.36944444444444446,Positive
super excited hotpatching available preview window server vms azure desktop experience windowsserver azure winserv,WindowsServer,,0.36944444444444446,Positive
super excited hotpatching available preview window server vms azure desktop experience windowsserver azure winserv,WindowsServer,,0.36944444444444446,Positive
super excited hotpatching available preview window server vms azure desktop experience windowsserver azure winserv,WindowsServer,,0.36944444444444446,Positive
super excited hotpatching available preview window server vms azure desktop experience windowsserver azure winserv,WindowsServer,,0.36944444444444446,Positive
super excited hotpatching available preview window server vms azure desktop experience windowsserver azure winserv,WindowsServer,,0.36944444444444446,Positive
hotpatching preview window server vms azure desktop experience windowsserver winsrv,WindowsServer,,0.0,Neutral
futureproofing business take knowhow expertise sign mailing list receive helpful resource guide migration modernization journey azure cloud windowsserver sqlserver,WindowsServer,,0.0,Neutral
window server update active directory schema current window lap version tip windowsserver born tech window world,WindowsServer,,-0.06666666666666667,Negative
window server azure arc hybrid cloud lab kit azurearc hybridcloud windowsserver lab azure intelnuc,WindowsServer,,0.0,Neutral
software key software software softwaredeveloper softwaredevelopment softwarekeys window window windowsserver msoffice msoffice,WindowsServer,,0.0,Neutral
